,公司代號,出表日期,公司名稱,產業別,當月營收,上月營收
0,1102,1110912,亞泥,水泥工業,7069221,7864622
1,1108,1110912,幸福,水泥工業,390053,326691
2,1109,1110912,信大,水泥工業,478276,557403
3,1110,1110912,東泥,水泥工業,176935,134470
4,1213,1110912,大飲,食品工業,38696,29503
5,1215,1110912,卜蜂,食品工業,2393814,2400161
6,1218,1110912,泰山,食品工業,1054476,1023417
7,1219,1110912,福壽,食品工業,1352250,1321525
8,1220,1110912,台榮,食品工業,314062,294528
9,1225,1110912,福懋油,食品工業,1333748,1301087
10,1227,1110912,佳格,食品工業,2686715,2146094
11,1229,1110912,聯華,食品工業,831107,906199
12,1231,1110912,聯華食,食品工業,976319,987622
13,1232,1110912,大統益,食品工業,2186695,1798053
14,1233,1110912,天仁,食品工業,173566,133500
15,1234,1110912,黑松,食品工業,1074526,952900
16,1235,1110912,興泰,食品工業,6974,3274
17,1236,1110912,宏亞,食品工業,221454,170333
18,1256,1110912,鮮活果汁-KY,食品工業,581403,475276
19,1301,1110912,台塑,塑膠工業,17450790,19936058
20,1303,1110912,南亞,塑膠工業,27507669,27970940
21,1304,1110912,台聚,塑膠工業,5215901,5657528
22,1305,1110912,華夏,塑膠工業,1190704,1560080
23,1307,1110912,三芳,塑膠工業,1118509,923832
24,1308,1110912,亞聚,塑膠工業,1082981,969456
25,1309,1110912,台達化,塑膠工業,1529912,1586565
26,1310,1110912,台苯,塑膠工業,851722,1314555
27,1312,1110912,國喬,塑膠工業,1405126,1382426
28,1313,1110912,聯成,塑膠工業,5052422,5993125
29,1315,1110912,達新,塑膠工業,306497,212786
30,1319,1110912,東陽,汽車工業,1767684,1859349
31,1321,1110912,大洋,塑膠工業,550848,474542
32,1324,1110912,地球,塑膠工業,75027,73983
33,1325,1110912,恆大,塑膠工業,44949,50686
34,1326,1110912,台化,塑膠工業,28666166,31249506
35,1337,1110912,再生-KY,塑膠工業,60295,53666
36,1338,1110912,廣華-KY,汽車工業,617345,705668
37,1339,1110912,昭輝,汽車工業,175239,179434
38,1340,1110912,勝悅-KY,塑膠工業,40342,36383
39,1341,1110912,富林-KY,塑膠工業,215526,212305
40,1342,1110912,八貫,其他,212537,214641
41,1410,1110912,南染,紡織纖維,29489,30028
42,1413,1110912,宏洲,紡織纖維,263208,219957
43,1414,1110912,東和,紡織纖維,55727,60543
44,1417,1110912,嘉裕,紡織纖維,117306,120361
45,1418,1110912,東華,紡織纖維,701,427
46,1419,1110912,新紡,紡織纖維,312131,270399
47,1423,1110912,利華,紡織纖維,14789,10059
48,1434,1110912,福懋,紡織纖維,2965754,2957701
49,1435,1110912,中福,其他,1085,1067
50,1436,1110912,華友聯,建材營造,864693,655976
51,1437,1110912,勤益控,其他,67184,123460
53,1440,1110912,南紡,紡織纖維,1615212,1727479
54,1441,1110912,大東,紡織纖維,108145,141393
55,1442,1110912,名軒,建材營造,125929,69478
56,1443,1110912,立益物流,其他,103981,63796
57,1444,1110912,力麗,紡織纖維,1110060,1124306
58,1445,1110912,大宇,紡織纖維,124480,129689
59,1446,1110912,宏和,紡織纖維,10478,20368
60,1447,1110912,力鵬,紡織纖維,2719435,3157856
61,1449,1110912,佳和,紡織纖維,232128,182939
62,1451,1110912,年興,紡織纖維,825466,861416
63,1452,1110912,宏益,紡織纖維,134402,135987
64,1453,1110912,大將,建材營造,39629,30291
65,1454,1110912,台富,紡織纖維,157137,155473
66,1455,1110912,集盛,紡織纖維,694537,742046
67,1456,1110912,怡華,建材營造,36321,47436
68,1457,1110912,宜進,紡織纖維,365255,309944
69,1459,1110912,聯發,紡織纖維,132777,162430
70,1460,1110912,宏遠,紡織纖維,925749,835539
71,1463,1110912,強盛,紡織纖維,37194,43449
72,1464,1110912,得力,紡織纖維,1055023,981694
73,1465,1110912,偉全,紡織纖維,60397,40660
74,1466,1110912,聚隆,紡織纖維,215180,228599
75,1468,1110912,昶和,紡織纖維,132643,152071
76,1470,1110912,大統新創,紡織纖維,84491,70402
77,1471,1110912,首利,電子零組件業,16873,14981
78,1473,1110912,台南,紡織纖維,707355,787362
79,1474,1110912,弘裕,紡織纖維,286882,264396
80,1475,1110912,業旺,紡織纖維,83865,104255
81,1476,1110912,儒鴻,紡織纖維,3913925,3899629
82,1477,1110912,聚陽,紡織纖維,3261778,3718403
83,1504,1110912,東元,電機機械,4690410,5228346
84,1506,1110912,正道,電機機械,91940,90144
85,1512,1110912,瑞利,汽車工業,44832,54530
86,1513,1110912,中興電,電機機械,1486349,1498362
87,1514,1110912,亞力,電機機械,581803,497977
88,1515,1110912,力山,電機機械,419646,342805
89,1516,1110912,川飛,其他,198568,217961
90,1521,1110912,大億,汽車工業,371194,398886
91,1522,1110912,堤維西,汽車工業,1526510,1508869
92,1524,1110912,耿鼎,汽車工業,180053,192039
93,1525,1110912,江申,汽車工業,120687,152879
94,1526,1110912,日馳,電機機械,198988,188609
95,1527,1110912,鑽全,電機機械,318364,304470
96,1528,1110912,恩德,電機機械,286967,287238
97,1529,1110912,樂士,電機機械,22909,25085
98,1530,1110912,亞崴,電機機械,299268,327831
99,1531,1110912,高林股,電機機械,193348,212566
100,1532,1110912,勤美,電機機械,1202021,1127279
101,1533,1110912,車王電,汽車工業,245523,370906
102,1535,1110912,中宇,電機機械,685491,720211
103,1536,1110912,和大,汽車工業,701619,669456
104,1537,1110912,廣隆,電機機械,707839,702257
105,1538,1110912,正峰,電機機械,32519,28086
106,1539,1110912,巨庭,電機機械,214396,232621
107,1540,1110912,喬福,電機機械,52791,48710
108,1558,1110912,伸興,電機機械,406755,431679
109,1560,1110912,中砂,電機機械,617552,618058
110,1568,1110912,倉佑,汽車工業,133799,153467
111,1582,1110912,信錦,電子零組件業,753559,962758
112,1583,1110912,程泰,電機機械,615406,596528
113,1587,1110912,吉茂,汽車工業,230637,245881
114,1589,1110912,永冠-KY,電機機械,849214,786319
115,1590,1110912,亞德客-KY,電機機械,1976218,1978552
116,1597,1110912,直得,電機機械,138345,147964
117,1598,1110912,岱宇,生技醫療業,449422,448166
118,1603,1110912,華電,電器電纜,491483,214634
119,1604,1110912,聲寶,電器電纜,714628,845180
120,1605,1110912,華新,電器電纜,14315935,15121399
121,1608,1110912,華榮,電器電纜,857290,976010
122,1611,1110912,中電,電器電纜,140844,126845
123,1612,1110912,宏泰,電器電纜,470080,503497
124,1614,1110912,三洋電,電器電纜,570465,692704
125,1615,1110912,大山,電器電纜,415238,263424
126,1616,1110912,億泰,電器電纜,366545,308203
127,1618,1110912,合機,電器電纜,405947,103947
128,1626,1110912,艾美特-KY,電器電纜,500166,712747
129,1701,1110912,中化,生技醫療業,678623,659390
130,1708,1110912,東鹼,化學工業,882160,681342
131,1709,1110912,和益,化學工業,874460,868527
132,1710,1110912,東聯,化學工業,1852131,1121107
133,1711,1110912,永光,化學工業,772829,735513
134,1712,1110912,興農,化學工業,1910508,2021193
135,1713,1110912,國化,化學工業,58815,44478
136,1714,1110912,和桐,化學工業,2042992,2338832
137,1717,1110912,長興,化學工業,3878708,4010038
138,1718,1110912,中纖,化學工業,2973454,2952896
139,1720,1110912,生達,生技醫療業,509036,462839
140,1721,1110912,三晃,化學工業,225643,230167
141,1722,1110912,台肥,化學工業,1318608,1191512
142,1723,1110912,中碳,化學工業,865016,964882
143,1725,1110912,元禎,化學工業,646962,632445
144,1727,1110912,中華化,化學工業,192152,192762
145,1730,1110912,花仙子,化學工業,266545,204056
146,1731,1110912,美吾華,生技醫療業,103953,105362
147,1733,1110912,五鼎,生技醫療業,198847,203389
148,1734,1110912,杏輝,生技醫療業,240083,193219
149,1735,1110912,日勝化,化學工業,242407,229032
150,1736,1110912,喬山,生技醫療業,2745173,1996618
151,1737,1110912,臺鹽,食品工業,334505,305192
152,1752,1110912,南光,生技醫療業,151201,180890
153,1760,1110912,寶齡富錦,生技醫療業,345476,159290
154,1762,1110912,中化生,生技醫療業,156945,130715
155,1773,1110912,勝一,化學工業,973028,900338
156,1776,1110912,展宇,化學工業,126953,101105
157,1783,1110912,和康生,生技醫療業,56342,46993
158,1786,1110912,科妍,生技醫療業,38740,58552
159,1789,1110912,神隆,生技醫療業,189826,290904
160,1795,1110912,美時,生技醫療業,996806,1043645
161,1802,1110912,台玻,玻璃陶瓷,3734242,3741733
162,1805,1110912,寶徠,建材營造,747,39558
163,1806,1110912,冠軍,玻璃陶瓷,244575,235289
164,1808,1110912,潤隆,建材營造,14021,19960
165,1809,1110912,中釉,玻璃陶瓷,236585,224533
166,1817,1110912,凱撒衛,玻璃陶瓷,235523,220316
167,1903,1110912,士紙,造紙工業,14708,12111
168,1904,1110912,正隆,造紙工業,3510002,3659438
169,1905,1110912,華紙,造紙工業,2046809,2079953
170,1906,1110912,寶隆,造紙工業,345171,401520
171,1907,1110912,永豐餘,造紙工業,6863866,6719538
172,1909,1110912,榮成,造紙工業,4420610,3733965
173,2006,1110912,東和鋼鐵,鋼鐵工業,5029584,4827238
174,2007,1110912,燁興,鋼鐵工業,447886,481612
175,2008,1110912,高興昌,鋼鐵工業,223797,227765
176,2009,1110912,第一銅,鋼鐵工業,262992,270550
177,2013,1110912,中鋼構,鋼鐵工業,1685690,1759432
178,2014,1110912,中鴻,鋼鐵工業,2303077,2890631
179,2015,1110912,豐興,鋼鐵工業,2855817,3274243
180,2017,1110912,官田鋼,鋼鐵工業,311272,341711
181,2020,1110912,美亞,鋼鐵工業,540292,476393
182,2022,1110912,聚亨,鋼鐵工業,833061,683525
183,2025,1110912,千興,鋼鐵工業,6212,51322
184,2027,1110912,大成鋼,鋼鐵工業,9582826,8854430
185,2028,1110912,威致,鋼鐵工業,847067,750409
186,2029,1110912,盛餘,鋼鐵工業,794833,1035691
187,2030,1110912,彰源,鋼鐵工業,1401283,1330411
188,2031,1110912,新光鋼,鋼鐵工業,1832460,1106608
189,2032,1110912,新鋼,鋼鐵工業,283295,225368
190,2033,1110912,佳大,鋼鐵工業,72271,51499
191,2034,1110912,允強,鋼鐵工業,1301373,1667173
192,2038,1110912,海光,鋼鐵工業,1110642,977276
193,2049,1110912,上銀,電機機械,2627868,2781486
194,2059,1110912,川湖,電子零組件業,723298,714280
195,2062,1110912,橋椿,其他,503368,660951
196,2069,1110912,運錩,鋼鐵工業,1099130,1229673
197,2101,1110912,南港,橡膠工業,552143,659958
198,2102,1110912,泰豐,橡膠工業,185894,184842
199,2103,1110912,台橡,橡膠工業,2785418,3085654
200,2105,1110912,正新,橡膠工業,9059420,8594207
201,2107,1110912,厚生,橡膠工業,162774,116397
202,2108,1110912,南帝,橡膠工業,832859,732110
203,2109,1110912,華豐,橡膠工業,476702,488521
204,2114,1110912,鑫永銓,橡膠工業,154244,161313
205,2115,1110912,六暉-KY,汽車工業,249194,276970
206,2201,1110912,裕隆,汽車工業,6247768,6950053
207,2204,1110912,中華,汽車工業,2204713,2664866
208,2206,1110912,三陽工業,汽車工業,4642552,4853029
209,2211,1110912,長榮鋼,鋼鐵工業,753827,982491
210,2227,1110912,裕日車,汽車工業,833180,2491666
211,2231,1110912,為升,汽車工業,309060,294771
212,2233,1110912,宇隆,汽車工業,298708,285558
213,2239,1110912,英利-KY,汽車工業,2368562,2170666
214,2241,1110912,艾姆勒,汽車工業,50098,50028
215,2243,1110912,宏旭-KY,汽車工業,87687,176610
216,2250,1110912,IKKA-KY,汽車工業,255471,243087
217,2301,1110912,光寶科,電腦及週邊設備業,15434850,14799908
218,2302,1110912,麗正,半導體業,81810,81749
219,2303,1110912,聯電,半導體業,25346076,24826685
220,2305,1110912,全友,電腦及週邊設備業,65241,60111
221,2312,1110912,金寶,其他電子業,16484774,15370766
222,2313,1110912,華通,電子零組件業,7188397,6888468
223,2314,1110912,台揚,通信網路業,431594,421381
224,2316,1110912,楠梓電,電子零組件業,484579,384907
225,2317,1110912,鴻海,其他電子業,448906316,475099076
226,2323,1110912,中環,光電業,703963,624190
227,2324,1110912,仁寶,電腦及週邊設備業,88842373,97630554
228,2327,1110912,國巨,電子零組件業,10175610,10410213
229,2328,1110912,廣宇,電子零組件業,2177265,1885425
230,2329,1110912,華泰,半導體業,1327389,1313341
231,2330,1110912,台積電,半導體業,218132391,186762689
232,2331,1110912,精英,電腦及週邊設備業,2617625,2740290
233,2332,1110912,友訊,通信網路業,1447895,1404034
234,2337,1110912,旺宏,半導體業,3727862,3604068
235,2338,1110912,光罩,半導體業,697223,670978
236,2340,1110912,台亞,半導體業,354487,363382
237,2342,1110912,茂矽,半導體業,190849,191600
238,2344,1110912,華邦電,半導體業,7402743,7390832
239,2345,1110912,智邦,通信網路業,6391814,6840989
240,2347,1110912,聯強,電子通路業,35920894,32768594
241,2348,1110912,海悅,其他,417930,341010
242,2349,1110912,錸德,光電業,686466,699359
243,2351,1110912,順德,半導體業,988150,985729
244,2352,1110912,佳世達,電腦及週邊設備業,19898793,20401065
245,2353,1110912,宏碁,電腦及週邊設備業,20241042,17458555
246,2354,1110912,鴻準,其他電子業,5553869,5448347
247,2355,1110912,敬鵬,電子零組件業,1474478,1355517
248,2356,1110912,英業達,電腦及週邊設備業,44375400,47109534
249,2357,1110912,華碩,電腦及週邊設備業,48226687,36753188
250,2358,1110912,廷鑫,其他,111234,115744
251,2359,1110912,所羅門,其他電子業,339190,311140
252,2360,1110912,致茂,其他電子業,2311564,2056033
253,2362,1110912,藍天,電腦及週邊設備業,1925210,1714848
254,2363,1110912,矽統,半導體業,11419,14579
255,2364,1110912,倫飛,電腦及週邊設備業,84145,77669
256,2365,1110912,昆盈,電腦及週邊設備業,108515,130910
257,2367,1110912,燿華,電子零組件業,1888943,1756020
258,2368,1110912,金像電,電子零組件業,2960443,2667513
259,2369,1110912,菱生,半導體業,453201,490820
260,2373,1110912,震旦行,其他電子業,1173846,1253904
261,2374,1110912,佳能,光電業,496358,461480
262,2375,1110912,凱美,電子零組件業,497713,528019
263,2376,1110912,技嘉,電腦及週邊設備業,7896900,7435303
264,2377,1110912,微星,電腦及週邊設備業,12564059,13011506
265,2379,1110912,瑞昱,半導體業,10398019,9790003
266,2380,1110912,虹光,電腦及週邊設備業,259548,210220
267,2382,1110912,廣達,電腦及週邊設備業,131869030,129459679
268,2383,1110912,台光電,電子零組件業,3233476,3295478
269,2385,1110912,群光,電子零組件業,10261684,10302508
270,2387,1110912,精元,電腦及週邊設備業,2558851,2552948
271,2388,1110912,威盛,半導體業,983557,585607
272,2390,1110912,云辰,其他電子業,44727,43708
273,2392,1110912,正崴,電子零組件業,8025226,7721549
274,2393,1110912,億光,光電業,1562931,1638776
275,2395,1110912,研華,電腦及週邊設備業,6236122,5968194
276,2397,1110912,友通,電腦及週邊設備業,1294073,1454871
277,2402,1110912,毅嘉,電子零組件業,701975,600851
278,2405,1110912,輔信,電腦及週邊設備業,118183,145978
279,2408,1110912,南亞科,半導體業,3419118,4396393
280,2409,1110912,友達,光電業,16021445,17431035
281,2413,1110912,環科,電子零組件業,442168,411995
282,2414,1110912,精技,電子通路業,2361914,2375085
283,2415,1110912,錩新,電子零組件業,170344,179800
284,2417,1110912,圓剛,電腦及週邊設備業,284791,374541
285,2419,1110912,仲琦,通信網路業,1018128,937781
286,2421,1110912,建準,電子零組件業,1098401,1209716
287,2423,1110912,固緯,其他電子業,237725,225319
288,2424,1110912,隴華,電腦及週邊設備業,2429,7629
289,2425,1110912,承啟,電腦及週邊設備業,537114,478478
290,2427,1110912,三商電,資訊服務業,256713,254536
291,2428,1110912,興勤,電子零組件業,645334,598600
292,2429,1110912,銘旺科,光電業,39483,40687
293,2430,1110912,燦坤,電子通路業,1758229,1991245
294,2431,1110912,聯昌,電子零組件業,91302,120867
295,2433,1110912,互盛電,其他電子業,258754,271760
296,2434,1110912,統懋,半導體業,7716,7060
297,2436,1110912,偉詮電,半導體業,194038,192134
298,2438,1110912,翔耀,光電業,11792,16004
299,2439,1110912,美律,通信網路業,3716353,3290225
300,2440,1110912,太空梭,電子零組件業,228254,207441
301,2441,1110912,超豐,半導體業,1237752,1262225
302,2442,1110912,新美齊,電腦及週邊設備業,9811,9867
303,2444,1110912,兆勁,通信網路業,150337,113399
304,2449,1110912,京元電子,半導體業,2891833,3196133
305,2450,1110912,神腦,通信網路業,2512334,2393763
306,2451,1110912,創見,半導體業,1003703,1024394
307,2453,1110912,凌群,資訊服務業,446950,421165
308,2454,1110912,聯發科,半導體業,44699654,40890418
309,2455,1110912,全新,通信網路業,173020,190831
310,2457,1110912,飛宏,電子零組件業,1346161,1180373
311,2458,1110912,義隆,半導體業,843824,1076225
312,2459,1110912,敦吉,其他電子業,814858,766310
313,2460,1110912,建通,電子零組件業,184507,203088
314,2461,1110912,光群雷,其他電子業,518532,511005
315,2464,1110912,盟立,其他電子業,951871,951112
316,2465,1110912,麗臺,電腦及週邊設備業,291995,344049
317,2467,1110912,志聖,電子零組件業,497632,447143
318,2471,1110912,資通,資訊服務業,68149,74254
319,2472,1110912,立隆電,電子零組件業,798569,880929
320,2474,1110912,可成,其他電子業,2870083,2821398
321,2476,1110912,鉅祥,電子零組件業,632854,649311
322,2477,1110912,美隆電,其他電子業,201654,318855
323,2478,1110912,大毅,電子零組件業,369938,348427
324,2480,1110912,敦陽科,資訊服務業,576222,512430
325,2481,1110912,強茂,半導體業,1004167,1113783
326,2482,1110912,連宇,其他電子業,114766,85375
327,2483,1110912,百容,電子零組件業,184960,190205
328,2484,1110912,希華,電子零組件業,266354,312326
329,2485,1110912,兆赫,通信網路業,655975,589100
330,2486,1110912,一詮,光電業,413832,443616
331,2488,1110912,漢平,其他電子業,338510,339607
332,2489,1110912,瑞軒,光電業,1318705,1025750
333,2492,1110912,華新科,電子零組件業,2639851,2840653
334,2493,1110912,揚博,電子零組件業,266951,264948
335,2495,1110912,普安,電腦及週邊設備業,134145,129078
336,2497,1110912,怡利電,汽車工業,350939,238981
337,2498,1110912,宏達電,通信網路業,312762,304518
338,2501,1110912,國建,建材營造,995485,2016943
339,2504,1110912,國產,建材營造,1819642,1832273
340,2505,1110912,國揚,建材營造,75144,270910
341,2509,1110912,全坤建,建材營造,18293,15901
342,2511,1110912,太子,建材營造,507511,1006171
343,2514,1110912,龍邦,其他,1072268,678320
344,2515,1110912,中工,建材營造,1397356,1219088
345,2516,1110912,新建,建材營造,565296,465864
346,2520,1110912,冠德,建材營造,1546557,1525880
347,2524,1110912,京城,建材營造,223376,135598
348,2527,1110912,宏璟,建材營造,108525,42295
349,2528,1110912,皇普,建材營造,44,10
350,2530,1110912,華建,建材營造,1017,1011
351,2534,1110912,宏盛,建材營造,290440,465493
352,2535,1110912,達欣工,建材營造,1529560,1324551
353,2536,1110912,宏普,建材營造,72044,13657
354,2537,1110912,聯上發,建材營造,145148,49400
355,2538,1110912,基泰,建材營造,23611,26987
356,2539,1110912,櫻花建,建材營造,2364287,732130
357,2540,1110912,愛山林,建材營造,461649,388128
358,2542,1110912,興富發,建材營造,343473,181592
359,2543,1110912,皇昌,建材營造,717050,633839
360,2545,1110912,皇翔,建材營造,361731,904436
361,2546,1110912,根基,建材營造,1339321,1261109
362,2547,1110912,日勝生,建材營造,612376,429425
363,2548,1110912,華固,建材營造,238563,1229035
364,2601,1110912,益航,貿易百貨,529814,465054
365,2603,1110912,長榮,航運業,57442123,62799441
366,2605,1110912,新興,航運業,313492,283538
367,2606,1110912,裕民,航運業,1472657,1651326
368,2607,1110912,榮運,航運業,2055556,1686328
369,2609,1110912,陽明,航運業,35089619,36749405
370,2611,1110912,志信,航運業,65992,66758
371,2612,1110912,中航,航運業,390907,399538
372,2613,1110912,中櫃,航運業,269207,273017
373,2615,1110912,萬海,航運業,21314901,23902539
374,2616,1110912,山隆,油電燃氣業,1519762,1576509
375,2617,1110912,台航,航運業,329693,334578
376,2618,1110912,長榮航,航運業,12014621,11866739
377,2630,1110912,亞航,航運業,382673,384986
378,2633,1110912,台灣高鐵,航運業,3366023,2991101
379,2634,1110912,漢翔,航運業,2555919,2740052
380,2636,1110912,台驊投控,航運業,1996021,2237452
381,2637,1110912,慧洋-KY,航運業,2073045,2342621
382,2642,1110912,宅配通,航運業,401898,379005
383,2701,1110912,萬企,觀光事業,19414,20132
384,2702,1110912,華園,觀光事業,132331,150799
385,2704,1110912,國賓,觀光事業,112335,101444
386,2706,1110912,第一店,觀光事業,23681,24195
387,2707,1110912,晶華,觀光事業,525276,468972
388,2712,1110912,遠雄來,觀光事業,90289,68203
389,2722,1110912,夏都,觀光事業,114328,118711
390,2723,1110912,美食-KY,觀光事業,1733154,1636887
391,2731,1110912,雄獅,觀光事業,256632,197588
392,2748,1110912,雲品,觀光事業,167123,166842
393,2801,1110912,彰銀,金融保險業,3265931,3549913
394,2809,1110912,京城銀,金融保險業,905008,1136280
395,2812,1110912,台中銀,金融保險業,1440249,1436922
396,2816,1110912,旺旺保,金融保險業,758209,813502
397,2820,1110912,華票,金融保險業,249065,73896
398,2832,1110912,台產,金融保險業,521635,563873
399,2834,1110912,臺企銀,金融保險業,2563993,2906096
400,2836,1110912,高雄銀,金融保險業,303639,309915
401,2845,1110912,遠東銀,金融保險業,1128926,1028245
402,2849,1110912,安泰銀,金融保險業,517200,460264
403,2851,1110912,中再保,金融保險業,1791841,1417889
404,2852,1110912,第一保,金融保險業,631312,640231
405,2855,1110912,統一證,金融保險業,485770,597285
406,2880,1110912,華南金,金融保險業,5166107,6118042
407,2884,1110912,玉山金,金融保險業,4793454,6085993
408,2886,1110912,兆豐金,金融保險業,4861655,7120270
409,2887,1110912,台新金,金融保險業,6276645,4579492
410,2888,1110912,新光金,金融保險業,10398122,8992940
411,2889,1110912,國票金,金融保險業,579802,676630
412,2890,1110912,永豐金,金融保險業,4313423,4728509
413,2891,1110912,中信金,金融保險業,11158103,15576298
414,2892,1110912,第一金,金融保險業,7045774,7321542
415,2897,1110912,王道銀行,金融保險業,1005423,893584
416,2901,1110912,欣欣,貿易百貨,8393,10378
417,2904,1110912,匯僑,其他,43916,41951
418,2908,1110912,特力,貿易百貨,2977229,2946815
419,2910,1110912,統領,貿易百貨,118810,38141
420,3002,1110912,歐格,電腦及週邊設備業,61625,74758
421,3004,1110912,豐達科,鋼鐵工業,209199,181311
422,3005,1110912,神基,電腦及週邊設備業,2937045,2964559
423,3006,1110912,晶豪科,半導體業,1185956,1254723
424,3008,1110912,大立光,光電業,4441781,3885328
425,3010,1110912,華立,電子通路業,6431519,6473883
426,3011,1110912,今皓,電子零組件業,125991,139198
427,3013,1110912,晟銘電,電腦及週邊設備業,540034,569867
428,3014,1110912,聯陽,半導體業,374733,361455
429,3015,1110912,全漢,電子零組件業,1453851,1316502
430,3016,1110912,嘉晶,半導體業,521284,520561
431,3017,1110912,奇鋐,電腦及週邊設備業,4978025,4852129
432,3019,1110912,亞光,光電業,1659751,1645534
433,3021,1110912,鴻名,電子零組件業,393648,356402
434,3022,1110912,威強電,電腦及週邊設備業,941034,859297
435,3023,1110912,信邦,電子零組件業,2737848,2655190
436,3024,1110912,憶聲,光電業,159908,165209
437,3025,1110912,星通,通信網路業,29805,41334
438,3026,1110912,禾伸堂,電子零組件業,1157585,1193913
439,3027,1110912,盛達,通信網路業,150433,69403
440,3028,1110912,增你強,電子通路業,2676060,2988118
441,3029,1110912,零壹,資訊服務業,1623480,952558
442,3030,1110912,德律,其他電子業,593191,439496
443,3031,1110912,佰鴻,光電業,113455,135903
444,3033,1110912,威健,電子通路業,6175847,5167770
445,3034,1110912,聯詠,半導體業,6527191,6865719
446,3035,1110912,智原,半導體業,1086262,1090051
447,3036,1110912,文曄,電子通路業,45134755,46816263
448,3037,1110912,欣興,電子零組件業,12131465,11779291
449,3038,1110912,全台,光電業,428169,426868
450,3040,1110912,遠見,其他,14195,13205
451,3041,1110912,揚智,半導體業,157781,213652
452,3042,1110912,晶技,電子零組件業,1105110,1179482
453,3043,1110912,科風,其他電子業,148084,86016
454,3044,1110912,健鼎,電子零組件業,5569157,5758566
455,3046,1110912,建碁,電腦及週邊設備業,295547,304239
456,3047,1110912,訊舟,通信網路業,516192,467344
457,3048,1110912,益登,電子通路業,10912095,9072811
458,3049,1110912,和鑫,光電業,148036,143027
459,3050,1110912,鈺德,光電業,99648,101783
460,3051,1110912,力特,光電業,217777,257108
461,3054,1110912,立萬利,半導體業,2518,3012
462,3055,1110912,蔚華科,電子通路業,178580,184243
463,3056,1110912,總太,建材營造,703890,111586
464,3057,1110912,喬鼎,電腦及週邊設備業,72271,72976
465,3058,1110912,立德,電子零組件業,351538,464460
466,3059,1110912,華晶科,光電業,1380336,1250957
467,3060,1110912,銘異,電腦及週邊設備業,249108,227236
468,3062,1110912,建漢,通信網路業,638623,606135
469,3090,1110912,日電貿,電子零組件業,764649,922482
470,3092,1110912,鴻碩,電子零組件業,247190,295429
471,3094,1110912,聯傑,半導體業,26385,27352
472,3130,1110912,一零四,資訊服務業,190253,194456
473,3138,1110912,耀登,通信網路業,165994,151516
474,3149,1110912,正達,光電業,229172,224365
475,3164,1110912,景岳,生技醫療業,32210,18103
476,3167,1110912,大量,電機機械,163116,225273
477,3189,1110912,景碩,半導體業,3868932,3762744
478,3209,1110912,全科,電子通路業,5017486,6345141
479,3229,1110912,晟鈦,電子零組件業,82120,92877
480,3231,1110912,緯創,電腦及週邊設備業,76876839,79684558
481,3257,1110912,虹冠電,半導體業,35810,40597
482,3266,1110912,昇陽,建材營造,31351,133554
483,3296,1110912,勝德,電子零組件業,265384,267669
484,3305,1110912,昇貿,其他電子業,642761,670145
485,3308,1110912,聯德,電子零組件業,23217,18857
486,3311,1110912,閎暉,通信網路業,179512,171920
487,3312,1110912,弘憶股,電子通路業,1580078,1589595
488,3321,1110912,同泰,電子零組件業,104049,124415
489,3338,1110912,泰碩,電子零組件業,413297,405149
490,3356,1110912,奇偶,光電業,132303,99730
491,3376,1110912,新日興,電子零組件業,1183511,1184575
492,3380,1110912,明泰,通信網路業,3058273,2756213
493,3383,1110912,新世紀,光電業,29107,27411
494,3406,1110912,玉晶光,光電業,2535097,1946290
495,3413,1110912,京鼎,半導體業,1379766,1273395
496,3416,1110912,融程電,電腦及週邊設備業,259619,233540
497,3419,1110912,譁裕,通信網路業,181487,190773
498,3432,1110912,台端,電子零組件業,1001,3916
499,3437,1110912,榮創,光電業,151805,139464
500,3443,1110912,創意,半導體業,2014285,1940034
501,3450,1110912,聯鈞,半導體業,602092,637850
502,3454,1110912,晶睿,光電業,921507,850076
503,3481,1110912,群創,光電業,15281141,15760183
504,3494,1110912,誠研,電腦及週邊設備業,53909,55959
505,3501,1110912,維熹,電子零組件業,625417,515250
506,3504,1110912,揚明光,光電業,403435,493551
507,3515,1110912,華擎,電腦及週邊設備業,1192075,989566
508,3518,1110912,柏騰,其他電子業,22510,35045
509,3528,1110912,安馳,電子通路業,551377,580146
510,3530,1110912,晶相光,半導體業,125098,134294
511,3532,1110912,台勝科,半導體業,1394766,1382833
512,3533,1110912,嘉澤,電子零組件業,2372149,2236848
513,3535,1110912,晶彩科,光電業,155401,114053
514,3536,1110912,誠創,半導體業,40883,37043
515,3543,1110912,州巧,光電業,237089,281091
516,3545,1110912,敦泰,半導體業,745879,636014
517,3550,1110912,聯穎,電子零組件業,304493,324052
518,3557,1110912,嘉威,其他,392978,359103
519,3563,1110912,牧德,光電業,132720,163991
520,3576,1110912,聯合再生,光電業,1544244,1280849
521,3583,1110912,辛耘,半導體業,470253,493879
522,3588,1110912,通嘉,半導體業,102656,110149
523,3591,1110912,艾笛森,光電業,154570,147124
524,3592,1110912,瑞鼎,半導體業,1326763,1389413
525,3593,1110912,力銘,電子零組件業,100023,67825
526,3596,1110912,智易,通信網路業,4077872,4183524
527,3607,1110912,谷崧,電子零組件業,255932,218180
528,3617,1110912,碩天,其他電子業,979882,1031406
529,3622,1110912,洋華,光電業,82007,112422
530,3645,1110912,達邁,電子零組件業,105511,86481
531,3653,1110912,健策,電子零組件業,1122164,919515
532,3661,1110912,世芯-KY,半導體業,1166107,950674
533,3665,1110912,貿聯-KY,其他電子業,4567275,4953269
534,3669,1110912,圓展,通信網路業,216418,312966
535,3673,1110912,TPK-KY,光電業,9195001,9939817
536,3679,1110912,新至陞,電子零組件業,414153,402394
537,3682,1110912,亞太電,通信網路業,1022246,1034500
538,3686,1110912,達能,半導體業,8132,582
539,3694,1110912,海華,通信網路業,1091212,978354
540,3705,1110912,永信,生技醫療業,556860,537095
541,3706,1110912,神達,電腦及週邊設備業,3822003,4046413
542,3708,1110912,上緯投控,化學工業,814660,679366
543,3712,1110912,永崴投控,電腦及週邊設備業,815793,637229
544,3714,1110912,富采,光電業,2282902,2316152
546,4104,1110912,佳醫,生技醫療業,634672,562980
547,4108,1110912,懷特,生技醫療業,14316,8752
548,4119,1110912,旭富,生技醫療業,124845,49649
549,4133,1110912,亞諾法,生技醫療業,42019,30430
550,4137,1110912,麗豐-KY,生技醫療業,396987,388205
551,4142,1110912,國光生,生技醫療業,109142,277341
552,4148,1110912,全宇生技-KY,生技醫療業,460062,365312
553,4190,1110912,佐登-KY,生技醫療業,216035,200064
554,4426,1110912,利勤,紡織纖維,120036,140625
555,4438,1110912,廣越,紡織纖維,2558539,2473638
556,4439,1110912,冠星-KY,紡織纖維,785447,574542
557,4440,1110912,宜新實業,紡織纖維,135067,126887
558,4532,1110912,瑞智,電機機械,1250912,1519977
559,4536,1110912,拓凱,其他,1128785,865598
560,4540,1110912,全球傳動,電機機械,283229,329530
561,4545,1110912,銘鈺,電子零組件業,192080,243684
562,4551,1110912,智伸科,汽車工業,849739,797410
563,4552,1110912,力達-KY,電機機械,512122,438540
564,4555,1110912,氣立,電機機械,149859,184869
565,4557,1110912,永新-KY,汽車工業,266856,280503
566,4560,1110912,強信-KY,電機機械,154978,161919
567,4562,1110912,穎漢,電機機械,74722,66153
568,4564,1110912,元翎,電機機械,146576,152461
569,4566,1110912,時碩工業,電機機械,477432,406815
570,4571,1110912,鈞興-KY,電機機械,189199,206991
571,4572,1110912,駐龍,電機機械,59544,50043
572,4576,1110912,大銀微系統,電機機械,283578,286237
573,4581,1110912,光隆精密-KY,汽車工業,96181,81784
574,4583,1110912,台灣精銳,電機機械,246306,291708
575,4720,1110912,德淵,化學工業,322875,326494
576,4722,1110912,國精化,化學工業,285783,378792
577,4737,1110912,華廣,生技醫療業,144384,164715
578,4739,1110912,康普,化學工業,680910,797698
579,4746,1110912,台耀,生技醫療業,279054,340174
580,4755,1110912,三福化,化學工業,419269,411234
581,4763,1110912,材料-KY,化學工業,416873,372572
582,4764,1110912,雙鍵,化學工業,226376,227727
583,4766,1110912,南寶,化學工業,1993074,1882912
584,4770,1110912,上品,化學工業,420669,524897
585,4906,1110912,正文,通信網路業,2654839,2300161
586,4912,1110912,聯德控股-KY,電子零組件業,404243,506883
587,4915,1110912,致伸,電子零組件業,7429895,7378112
588,4916,1110912,事欣科,電腦及週邊設備業,246987,177944
589,4919,1110912,新唐,半導體業,3485293,3320548
590,4927,1110912,泰鼎-KY,電子零組件業,1072376,853497
591,4930,1110912,燦星網,電器電纜,628347,681833
592,4934,1110912,太極,光電業,193432,200716
593,4935,1110912,茂林-KY,光電業,1099924,1151695
594,4938,1110912,和碩,電腦及週邊設備業,116036992,107969645
595,4942,1110912,嘉彰,光電業,626796,620510
596,4952,1110912,凌通,半導體業,231324,245525
597,4956,1110912,光鋐,光電業,93380,84421
598,4958,1110912,臻鼎-KY,電子零組件業,16539190,13193571
599,4960,1110912,誠美材,光電業,605699,775995
600,4961,1110912,天鈺,半導體業,1434516,1459047
601,4967,1110912,十銓,半導體業,504585,485816
602,4968,1110912,立積,半導體業,302144,296677
603,4976,1110912,佳凌,光電業,113276,111434
604,4977,1110912,眾達-KY,通信網路業,270184,269941
605,4989,1110912,榮科,電子零組件業,332823,297198
606,4994,1110912,傳奇,資訊服務業,137315,172737
607,4999,1110912,鑫禾,電子零組件業,163123,192571
608,5007,1110912,三星,鋼鐵工業,597907,532636
609,5203,1110912,訊連,資訊服務業,139866,148930
610,5215,1110912,科嘉-KY,電腦及週邊設備業,178597,251151
611,5222,1110912,全訊,半導體業,94635,67102
612,5225,1110912,東科-KY,其他電子業,1403828,1363484
613,5234,1110912,達興材料,光電業,252786,250165
614,5243,1110912,乙盛-KY,光電業,1406940,1270012
615,5244,1110912,弘凱,光電業,68785,62184
616,5258,1110912,虹堡,電腦及週邊設備業,634941,616095
617,5269,1110912,祥碩,半導體業,451057,449339
618,5284,1110912,jpp-KY,其他,164356,157092
619,5285,1110912,界霖,半導體業,547000,557922
620,5388,1110912,中磊,通信網路業,5733889,6006754
621,5434,1110912,崇越,電子通路業,4632104,4621927
622,5469,1110912,瀚宇博,電子零組件業,4139143,4179502
623,5471,1110912,松翰,半導體業,254784,260396
624,5515,1110912,建國,建材營造,387387,453909
625,5519,1110912,隆大,建材營造,959016,273679
626,5521,1110912,工信,建材營造,691127,526120
627,5522,1110912,遠雄,建材營造,1797686,1638958
628,5525,1110912,順天,建材營造,106626,136415
629,5531,1110912,鄉林,建材營造,153713,111951
630,5533,1110912,皇鼎,建材營造,37837,666090
631,5534,1110912,長虹,建材營造,246587,375411
632,5538,1110912,東明-KY,鋼鐵工業,1289253,1247474
633,5607,1110912,遠雄港,航運業,261523,265497
634,5608,1110912,四維航,航運業,620091,680732
635,5871,1110912,中租-KY,其他,7508424,7438078
636,5876,1110912,上海商銀,金融保險業,4582566,4730874
637,5880,1110912,合庫金,金融保險業,4795374,6505321
638,5906,1110912,台南-KY,貿易百貨,189583,169090
639,5907,1110912,大洋-KY,貿易百貨,338121,290923
640,6005,1110912,群益證,金融保險業,959265,927194
641,6024,1110912,群益期,金融保險業,216494,240420
642,6112,1110912,邁達特,資訊服務業,1030595,1099635
643,6115,1110912,鎰勝,電子零組件業,637913,617115
644,6116,1110912,彩晶,光電業,1437876,1355754
645,6117,1110912,迎廣,電腦及週邊設備業,205477,234013
646,6120,1110912,達運,光電業,639192,1378852
647,6128,1110912,上福,電腦及週邊設備業,436810,423073
648,6133,1110912,金橋,電子零組件業,142121,137516
649,6136,1110912,富爾特,通信網路業,40997,36608
650,6139,1110912,亞翔,其他電子業,3350685,3067204
651,6141,1110912,柏承,電子零組件業,258525,282373
652,6142,1110912,友勁,通信網路業,360623,302819
653,6152,1110912,百一,通信網路業,482327,341758
654,6153,1110912,嘉聯益,電子零組件業,1824237,1547536
655,6155,1110912,鈞寶,電子零組件業,63458,69910
656,6164,1110912,華興,光電業,59672,89999
657,6165,1110912,浪凡,其他,265625,242920
658,6166,1110912,凌華,電腦及週邊設備業,1017140,964990
659,6176,1110912,瑞儀,光電業,6052612,5984875
660,6177,1110912,達麗,建材營造,106544,61937
661,6183,1110912,關貿,資訊服務業,194869,160456
662,6184,1110912,大豐電,其他,166828,165923
663,6191,1110912,精成科,電子零組件業,2046695,2054916
664,6192,1110912,巨路,其他電子業,507972,536883
665,6196,1110912,帆宣,其他電子業,4907330,4745747
666,6197,1110912,佳必琪,電子零組件業,404465,392114
667,6201,1110912,亞弘電,其他電子業,284184,227171
668,6202,1110912,盛群,半導體業,469580,495274
669,6205,1110912,詮欣,電子零組件業,135288,143506
670,6209,1110912,今國光,光電業,300256,293524
671,6213,1110912,聯茂,電子零組件業,2055410,2203124
672,6214,1110912,精誠,資訊服務業,2817723,2852649
673,6215,1110912,和椿,其他電子業,134379,175854
674,6216,1110912,居易,通信網路業,47227,56370
675,6225,1110912,天瀚,光電業,2770,2781
676,6226,1110912,光鼎,光電業,67205,69799
677,6230,1110912,尼得科超眾,電腦及週邊設備業,997458,1044790
678,6235,1110912,華孚,電腦及週邊設備業,355633,365363
679,6239,1110912,力成,半導體業,7084719,7683710
680,6243,1110912,迅杰,半導體業,45079,51196
681,6257,1110912,矽格,半導體業,1563234,1657522
682,6269,1110912,台郡,電子零組件業,4142926,3122711
683,6271,1110912,同欣電,半導體業,1263132,1188603
684,6277,1110912,宏正,電腦及週邊設備業,460459,397421
685,6278,1110912,台表科,光電業,5858946,6109530
686,6281,1110912,全國電,電子通路業,1961170,2337918
687,6282,1110912,康舒,電子零組件業,2152244,2062672
688,6285,1110912,啟碁,通信網路業,8539157,8243938
689,6288,1110912,聯嘉,汽車工業,335853,250458
690,6289,1110912,華上,光電業,2021,2247
691,6405,1110912,悅城,光電業,18034,23673
692,6409,1110912,旭隼,其他電子業,2357898,1976858
693,6412,1110912,群電,電子零組件業,3514327,3535141
694,6414,1110912,樺漢,電腦及週邊設備業,10392386,9600256
695,6415,1110912,矽力*-KY,半導體業,1992630,2080677
696,6416,1110912,瑞祺電通,通信網路業,421679,371382
697,6426,1110912,統新,通信網路業,52664,51114
698,6431,1110912,光麗-KY,生技醫療業,35617,38027
699,6438,1110912,迅得,其他電子業,547588,480168
700,6442,1110912,光聖,通信網路業,290621,352830
701,6443,1110912,元晶,光電業,745150,757068
702,6449,1110912,鈺邦,電子零組件業,156244,152497
703,6451,1110912,訊芯-KY,半導體業,596431,477492
704,6456,1110912,GIS-KY,光電業,12094031,10858198
705,6464,1110912,台數科,其他,355117,353787
706,6477,1110912,安集,光電業,360067,265651
707,6491,1110912,晶碩,生技醫療業,506432,457846
708,6504,1110912,南六,其他,513953,450852
709,6505,1110912,台塑化,油電燃氣業,82746460,76588503
710,6515,1110912,穎崴,半導體業,507176,423518
711,6525,1110912,捷敏-KY,半導體業,459152,496251
712,6531,1110912,愛普*,半導體業,382285,405358
713,6533,1110912,晶心科,半導體業,86077,68706
714,6541,1110912,泰福-KY,生技醫療業,3889,571
715,6550,1110912,北極星藥業-KY,生技醫療業,75,269
716,6552,1110912,易華電,半導體業,120246,123586
717,6558,1110912,興能高,其他電子業,100562,116104
718,6579,1110912,研揚,電腦及週邊設備業,652638,642046
719,6581,1110912,鋼聯,其他,218681,167760
720,6582,1110912,申豐,橡膠工業,109334,119802
721,6585,1110912,鼎基,其他,204163,254596
722,6591,1110912,動力-KY,電腦及週邊設備業,72222,94041
723,6592,1110912,和潤企業,其他,1976961,1967486
724,6598,1110912,ABC-KY,生技醫療業,38080,36701
725,6605,1110912,帝寶,汽車工業,1533348,1599572
726,6625,1110912,必應,其他,109432,48517
727,6641,1110912,基士德-KY,其他,157116,143152
728,6655,1110912,科定,其他,228988,208228
729,6666,1110912,羅麗芬-KY,生技醫療業,73077,72048
730,6668,1110912,中揚光,光電業,75657,130284
731,6669,1110912,緯穎,電腦及週邊設備業,26368154,21822682
732,6670,1110912,復盛應用,其他,2645360,2597223
733,6671,1110912,三能-KY,其他,144067,156324
734,6672,1110912,騰輝電子-KY,電子零組件業,393210,397849
735,6674,1110912,鋐寶科技,通信網路業,255536,236304
736,6691,1110912,洋基工程,其他電子業,1258899,1407876
737,6698,1110912,旭暉應材,其他電子業,80114,91363
738,6706,1110912,惠特,光電業,214009,346597
739,6715,1110912,嘉基,電子零組件業,345620,294131
740,6719,1110912,力智,半導體業,512922,553863
741,6743,1110912,安普新,其他電子業,372540,459295
742,6754,1110912,匯僑設計,其他,528750,489318
743,6756,1110912,威鋒電子,半導體業,206136,213250
744,6768,1110912,志強-KY,其他,1845629,1748160
745,6770,1110912,力積電,半導體業,6432678,6733600
746,6776,1110912,展碁國際,電子通路業,1992711,1756354
747,6781,1110912,AES-KY,電子零組件業,1341133,1340817
748,6789,1110912,采鈺,半導體業,719034,805256
749,6790,1110912,永豐實,造紙工業,840132,776555
750,6792,1110912,詠業,通信網路業,106970,113967
751,6796,1110912,晉弘,生技醫療業,42049,36224
752,6799,1110912,來頡,半導體業,86691,102012
753,6806,1110912,森崴能源,其他,189516,117837
754,6807,1110912,峰源-KY,其他,403588,444087
755,6830,1110912,汎銓,其他電子業,156716,162348
756,6834,1110912,天二科技,電子零組件業,75439,86426
757,6854,1110912,錼創科技-KY創,半導體業,37978,37419
758,8011,1110912,台通,通信網路業,156657,133888
759,8016,1110912,矽創,半導體業,1358220,1341235
760,8021,1110912,尖點,其他電子業,290389,284177
761,8028,1110912,昇陽半導體,半導體業,275108,266695
762,8033,1110912,雷虎,其他,105568,89114
763,8039,1110912,台虹,電子零組件業,801306,700704
764,8046,1110912,南電,電子零組件業,5756589,5531701
765,8070,1110912,長華*,電子通路業,1855940,1891503
766,8072,1110912,陞泰,電子通路業,104016,95134
767,8081,1110912,致新,半導體業,567196,624636
768,8101,1110912,華冠,通信網路業,31994,18632
769,8103,1110912,瀚荃,電子零組件業,294269,328303
770,8104,1110912,錸寶,光電業,266751,277014
771,8105,1110912,凌巨,光電業,846983,891233
772,8110,1110912,華東,半導體業,889037,892092
773,8112,1110912,至上,電子通路業,12938594,12283141
774,8114,1110912,振樺電,電腦及週邊設備業,1205735,1100923
775,8131,1110912,福懋科,半導體業,906043,883997
776,8150,1110912,南茂,半導體業,1715097,1947919
777,8163,1110912,達方,電腦及週邊設備業,2612800,2446067
778,8201,1110912,無敵,其他電子業,36224,32269
779,8210,1110912,勤誠,電腦及週邊設備業,1024998,1020710
780,8213,1110912,志超,電子零組件業,1344154,1469415
781,8215,1110912,明基材,光電業,1264800,1271899
782,8222,1110912,寶一,電機機械,47723,41131
783,8249,1110912,菱光,電子零組件業,402047,389201
784,8261,1110912,富鼎,半導體業,287845,333983
785,8271,1110912,宇瞻,半導體業,698115,674479
786,8341,1110912,日友,其他,312497,291676
787,8367,1110912,建新國際,航運業,221253,217977
788,8374,1110912,羅昇,電機機械,294942,331442
789,8404,1110912,百和興業-KY,其他,729430,670082
790,8411,1110912,福貞-KY,其他,1001252,870010
791,8422,1110912,可寧衛,其他,488257,398929
792,8429,1110912,金麗-KY,貿易百貨,21061,24850
793,8438,1110912,昶昕,其他,311069,282123
794,8442,1110912,威宏-KY,其他,742442,772258
795,8443,1110912,阿瘦,貿易百貨,106806,100263
796,8462,1110912,柏文,觀光事業,323006,293742
797,8464,1110912,億豐,其他,2239644,2493171
798,8466,1110912,美吉吉-KY,其他,212267,271446
799,8467,1110912,波力-KY,其他,249059,182053
800,8473,1110912,山林水,其他,459949,328329
801,8478,1110912,東哥遊艇,其他,337509,296568
802,8480,1110912,泰昇-KY,其他,139239,131477
803,8481,1110912,政伸,其他,133388,120095
804,8488,1110912,吉源-KY,其他,389977,361638
805,8926,1110912,台汽電,油電燃氣業,273218,201629
806,8940,1110912,新天地,觀光事業,33790,48444
807,8996,1110912,高力,電機機械,235345,258753
808,9802,1110912,鈺齊-KY,其他,2664237,2091076
809,9902,1110912,台火,其他,2182,18647
810,9905,1110912,大華,其他,977558,941787
811,9906,1110912,欣巴巴,建材營造,96909,361537
812,9907,1110912,統一實,其他,4084329,4242111
813,9910,1110912,豐泰,其他,8780643,8494558
814,9911,1110912,櫻花,其他,647591,667660
815,9912,1110912,偉聯,電腦及週邊設備業,48639,38036
816,9914,1110912,美利達,其他,3021291,3256264
817,9917,1110912,中保科,其他,1300543,1246390
818,9918,1110912,欣天然,油電燃氣業,115715,144160
819,9924,1110912,福興,其他,894986,992611
820,9925,1110912,新保,其他,639183,631362
821,9926,1110912,新海,油電燃氣業,157646,165373
822,9927,1110912,泰銘,其他,790747,781853
823,9928,1110912,中視,其他,66149,72766
824,9929,1110912,秋雨,其他,51266,44423
825,9930,1110912,中聯資源,其他,953660,980550
826,9931,1110912,欣高,油電燃氣業,97643,86467
827,9933,1110912,中鼎,其他,7757743,7859156
828,9935,1110912,慶豐富,其他,415837,472316
829,9937,1110912,全國,油電燃氣業,2173347,2133059
830,9938,1110912,百和,其他,1476959,1340178
831,9939,1110912,宏全,其他,2598183,2360564
832,9940,1110912,信義,其他,919977,1062504
833,9941,1110912,裕融,其他,3201093,3093859
834,9942,1110912,茂順,其他,352730,349111
835,9943,1110912,好樂迪,觀光事業,212912,197756
836,9944,1110912,新麗,其他,179660,231139
837,9955,1110912,佳龍,其他,81881,85625
838,9958,1110912,世紀鋼,鋼鐵工業,757968,651699
